"","NR","NR.adj","56T1.pvalue","56T2.pvalue","56T3.pvalue","56T4.pvalue","means","sign"
"chr9_139108552",1117,547.33,2.84401897207199e-12,2.02724928294447e-08,1.45233584541138e-13,6.50328234756911e-13,5.06903310255901e-09,"***"
"chr14_75573266",502,245.98,1.25721827728082e-09,4.94063545798325e-06,4.2088395049232e-10,2.91742778875952e-10,1.23565132574748e-06,"***"
