"","NR","NR.adj","A44T1.pvalue","A44T2.pvalue","A44T3.pvalue","A44T5.pvalue","means","sign"
"chr16_57054711",1340,50.9200000000001,3.33735697155353e-05,0.00106874963135158,0.00317780581894984,0.0969201214109598,0.0253000126077442,"reject"
"chr5_169654",1275,48.45,4.45200742434879e-05,0.00131795031093277,0.00391973466485158,0.105385868565859,0.0276670184039717,"reject"
"chr9_139370872",1134,43.0920000000001,9.42067920371905e-05,0.00226348746374567,0.00666724827590243,0.130328257487961,0.0348383000049116,"reject"
"chr19_10418866",851,32.3380000000001,0.000580383441369364,0.00818041636206215,0.0222087344343662,0.211381924834824,0.0605878647681555,"reject"
