"","NR","NR.adj","52T1.pvalue","52T2.pvalue","52T3.pvalue","52T4.pvalue","means","sign"
"chr15_89056204",10133,324.255999999999,8.78944718762941e-15,4.00485208411211e-14,3.25995099712194e-14,7.46782732497108e-13,2.07055052624269e-13,"***"
"chr16_67223003",3919,125.408,1.67349132313116e-09,9.13391913687928e-10,6.53171827087514e-10,3.9741631682727e-09,1.80355455804483e-09,"***"
"chr2_136610419",1903,60.896,2.88999637936226e-06,7.38559019062041e-07,5.15071441665004e-07,1.41255768724396e-06,1.38904613183332e-06,"***"
